crossref_date,crossref_by,GET_vsn,Source_ID,data_id_code,band_layer_name,in_class_field_name,in_class_value,in_class_description,in_class_description_detail,0,T1.1,T1.2,T1.3,T1.4,T2.1,T2.2,T2.3,T2.4,T2.5,T2.6,T3.1,T3.2,T3.3,T3.4,T4.1,T4.2,T4.3,T4.4,T4.5,T5.1,T5.2,T5.3,T5.4,T5.5,T6.1,T6.2,T6.3,T6.4,T6.5,T7.1,T7.2,T7.3,T7.4,T7.5,S1.1,S1.2,S2.1,SF1.1,SF1.2,SF2.1,SF2.2,SM1.1,SM1.2,SM1.3,TF1.1,TF1.2,TF1.3,TF1.4,TF1.5,TF1.6,TF1.7,F1.1,F1.2,F1.3,F1.4,F1.5,F1.6,F1.7,F2.1,F2.2,F2.3,F2.4,F2.5,F2.6,F2.7,F2.8,F2.9,F2.10,F3.1,F3.2,F3.3,F3.4,F3.5,FM1.1,FM1.2,FM1.3,M1.1,M1.2,M1.3,M1.4,M1.5,M1.6,M1.7,M1.8,M1.9,M1.10,M2.1,M2.2,M2.3,M2.4,M2.5,M3.1,M3.2,M3.3,M3.4,M3.5,M3.6,M3.7,M4.1,M4.2,MT1.1,MT1.2,MT1.3,MT1.4,MT2.1,MT2.2,MT3.1,MFT1.1,MFT1.2,MFT1.3,NA
2024/09/09 00:00:00,David_Keith,2.1,213,nswgov_nsw_veg_2012,NSWmap_v3_03_E_3848.tif,ClassName,Aeolian Chenopod Shrublands,Aeolian Chenopod Shrublands,No further information,0,0,0,0,0,0,0,0,0,0,0,0,0,0,0,0,0,0,0,0,1,0,0,0,0,0,0,0,0,0,0,0,0,0,0,0,0,0,0,0,0,0,0,0,0,0,0,0,0,0,0,0,0,0,0,0,0,0,0,0,0,0,0,0,0,0,0,0,0,0,0,0,0,0,0,0,0,0,0,0,0,0,0,0,0,0,0,0,0,0,0,0,0,0,0,0,0,0,0,0,0,0,0,0,0,0,0,0,0,0,0,0
2024/09/09 00:00:00,David_Keith,2.1,213,nswgov_nsw_veg_2012,NSWmap_v3_03_E_3848.tif,ClassName,Alpine Bogs and Fens,Alpine Bogs and Fens,No further information,0,0,0,0,0,0,0,0,0,0,0,0,0,0,0,0,0,0,0,0,0,0,0,0,0,0,0,0,0,0,0,0,0,0,0,0,0,0,0,0,0,0,0,0,0,0,0,0,0,0,1,0,0,0,0,0,0,0,0,0,0,0,0,0,0,0,0,0,0,0,0,0,0,0,0,0,0,0,0,0,0,0,0,0,0,0,0,0,0,0,0,0,0,0,0,0,0,0,0,0,0,0,0,0,0,0,0,0,0,0,0,0
2024/09/09 00:00:00,David_Keith,2.1,213,nswgov_nsw_veg_2012,NSWmap_v3_03_E_3848.tif,ClassName,Alpine Fjaeldmarks,Alpine Fjaeldmarks,No further information,0,0,0,0,0,0,0,0,0,0,0,0,0,0,0,0,0,0,0,0,0,0,0,0,0,0,0,0,1,0,0,0,0,0,0,0,0,0,0,0,0,0,0,0,0,0,0,0,0,0,0,0,0,0,0,0,0,0,0,0,0,0,0,0,0,0,0,0,0,0,0,0,0,0,0,0,0,0,0,0,0,0,0,0,0,0,0,0,0,0,0,0,0,0,0,0,0,0,0,0,0,0,0,0,0,0,0,0,0,0,0,0
2024/09/09 00:00:00,David_Keith,2.1,213,nswgov_nsw_veg_2012,NSWmap_v3_03_E_3848.tif,ClassName,Alpine Heaths,Alpine Heaths,No further information,0,0,0,0,0,0,0,0,0,0,0,0,0,0,0,0,0,0,0,0,0,0,0,0,0,0,0,0,1,0,0,0,0,0,0,0,0,0,0,0,0,0,0,0,0,0,0,0,0,0,0,0,0,0,0,0,0,0,0,0,0,0,0,0,0,0,0,0,0,0,0,0,0,0,0,0,0,0,0,0,0,0,0,0,0,0,0,0,0,0,0,0,0,0,0,0,0,0,0,0,0,0,0,0,0,0,0,0,0,0,0,0
2024/09/09 00:00:00,David_Keith,2.1,213,nswgov_nsw_veg_2012,NSWmap_v3_03_E_3848.tif,ClassName,Alpine Herbfields,Alpine Herbfields,No further information,0,0,0,0,0,0,0,0,0,0,0,0,0,0,0,0,0,0,0,0,0,0,0,0,0,0,0,0,1,0,0,0,0,0,0,0,0,0,0,0,0,0,0,0,0,0,0,0,0,0,0,0,0,0,0,0,0,0,0,0,0,0,0,0,0,0,0,0,0,0,0,0,0,0,0,0,0,0,0,0,0,0,0,0,0,0,0,0,0,0,0,0,0,0,0,0,0,0,0,0,0,0,0,0,0,0,0,0,0,0,0,0
2024/09/09 00:00:00,David_Keith,2.1,213,nswgov_nsw_veg_2012,NSWmap_v3_03_E_3848.tif,ClassName,Brigalow Clay Plain Woodlands,Brigalow Clay Plain Woodlands,No further information,0,0,1,0,0,0,0,0,0,0,0,0,0,0,0,0,0,0,0,0,0,0,0,0,0,0,0,0,0,0,0,0,0,0,0,0,0,0,0,0,0,0,0,0,0,0,0,0,0,0,0,0,0,0,0,0,0,0,0,0,0,0,0,0,0,0,0,0,0,0,0,0,0,0,0,0,0,0,0,0,0,0,0,0,0,0,0,0,0,0,0,0,0,0,0,0,0,0,0,0,0,0,0,0,0,0,0,0,0,0,0,0
2024/09/09 00:00:00,David_Keith,2.1,213,nswgov_nsw_veg_2012,NSWmap_v3_03_E_3848.tif,ClassName,Central Gorge Dry Sclerophyll Forests,Central Gorge Dry Sclerophyll Forests,No further information,0,0,0,0,0,0,0,0,0,0,1,0,0,0,0,0,0,0,0,0,0,0,0,0,0,0,0,0,0,0,0,0,0,0,0,0,0,0,0,0,0,0,0,0,0,0,0,0,0,0,0,0,0,0,0,0,0,0,0,0,0,0,0,0,0,0,0,0,0,0,0,0,0,0,0,0,0,0,0,0,0,0,0,0,0,0,0,0,0,0,0,0,0,0,0,0,0,0,0,0,0,0,0,0,0,0,0,0,0,0,0,0
2024/09/09 00:00:00,David_Keith,2.1,213,nswgov_nsw_veg_2012,NSWmap_v3_03_E_3848.tif,ClassName,Clarence Dry Sclerophyll Forests,Clarence Dry Sclerophyll Forests,No further information,0,0,0,0,0,0,0,0,0,0,1,0,0,0,0,0,0,0,0,0,0,0,0,0,0,0,0,0,0,0,0,0,0,0,0,0,0,0,0,0,0,0,0,0,0,0,0,0,0,0,0,0,0,0,0,0,0,0,0,0,0,0,0,0,0,0,0,0,0,0,0,0,0,0,0,0,0,0,0,0,0,0,0,0,0,0,0,0,0,0,0,0,0,0,0,0,0,0,0,0,0,0,0,0,0,0,0,0,0,0,0,0
2024/09/09 00:00:00,David_Keith,2.1,213,nswgov_nsw_veg_2012,NSWmap_v3_03_E_3848.tif,ClassName,Cleared,Cleared,No further information,0,0,0,0,0,0,0,0,0,0,0,0,0,0,0,0,0,0,0,0,0,0,0,0,0,0,0,0,0,0,0,0,0,0,0,0,0,0,0,0,0,0,0,0,0,0,0,0,0,0,0,0,0,0,0,0,0,0,0,0,0,0,0,0,0,0,0,0,0,0,0,0,0,0,0,0,0,0,0,0,0,0,0,0,0,0,0,0,0,0,0,0,0,0,0,0,0,0,0,0,0,0,0,0,0,0,0,0,0,0,0,1
2024/09/09 00:00:00,David_Keith,2.1,213,nswgov_nsw_veg_2012,NSWmap_v3_03_E_3848.tif,ClassName,Coastal Dune Dry Sclerophyll Forests,Coastal Dune Dry Sclerophyll Forests,No further information,0,0,0,0,0,0,0,0,0,0,1,0,0,0,0,0,0,0,0,0,0,0,0,0,0,0,0,0,0,0,0,0,0,0,0,0,0,0,0,0,0,0,0,0,0,0,0,0,0,0,0,0,0,0,0,0,0,0,0,0,0,0,0,0,0,0,0,0,0,0,0,0,0,0,0,0,0,0,0,0,0,0,0,0,0,0,0,0,0,0,0,0,0,0,0,0,0,0,0,0,0,0,0,0,0,0,0,0,0,0,0,0
2024/09/09 00:00:00,David_Keith,2.1,213,nswgov_nsw_veg_2012,NSWmap_v3_03_E_3848.tif,ClassName,Coastal Floodplain Forests,Coastal Floodplain Forests,No further information,0,0,0,0,0,0,0,0,0,0,0,0,0,0,0,0,0,0,0,0,0,0,0,0,0,0,0,0,0,0,0,0,0,0,0,0,0,0,0,0,0,0,0,0,0,0,1,0,0,0,0,0,0,0,0,0,0,0,0,0,0,0,0,0,0,0,0,0,0,0,0,0,0,0,0,0,0,0,0,0,0,0,0,0,0,0,0,0,0,0,0,0,0,0,0,0,0,0,0,0,0,0,0,0,0,0,0,0,0,0,0,0
2024/09/09 00:00:00,David_Keith,2.1,213,nswgov_nsw_veg_2012,NSWmap_v3_03_E_3848.tif,ClassName,Coastal Freshwater Lagoons and Floodplain Meadows,Coastal Freshwater Lagoons and Floodplain Meadows,No further information,0,0,0,0,0,0,0,0,0,0,0,0,0,0,0,0,0,0,0,0,0,0,0,0,0,0,0,0,0,0,0,0,0,0,0,0,0,0,0,0,0,0,0,0,0,0,0,0,0,0,0,0,0,0,0,0,0,0,0,0,1,0,0,0,0,0,0,0,0,0,0,0,0,0,0,0,0,0,0,0,0,0,0,0,0,0,0,0,0,0,0,0,0,0,0,0,0,0,0,0,0,0,0,0,0,0,0,0,0,0,0,0
2024/09/09 00:00:00,David_Keith,2.1,213,nswgov_nsw_veg_2012,NSWmap_v3_03_E_3848.tif,ClassName,Coastal Headland and Foredune Scrubs,Coastal Headland and Foredune Scrubs,No further information,0,0,0,0,0,0,0,0,0,0,0,0,1,0,0,0,0,0,0,0,0,0,0,0,0,0,0,0,0,0,0,0,0,0,0,0,0,0,0,0,0,0,0,0,0,0,0,0,0,0,0,0,0,0,0,0,0,0,0,0,0,0,0,0,0,0,0,0,0,0,0,0,0,0,0,0,0,0,0,0,0,0,0,0,0,0,0,0,0,0,0,0,0,0,0,0,0,0,0,0,0,0,0,0,0,0,0,0,0,0,0,0
2024/09/09 00:00:00,David_Keith,2.1,213,nswgov_nsw_veg_2012,NSWmap_v3_03_E_3848.tif,ClassName,Coastal Heath Swamps,Coastal Heath Swamps,No further information,0,0,0,0,0,0,0,0,0,0,0,0,0,0,0,0,0,0,0,0,0,0,0,0,0,0,0,0,0,0,0,0,0,0,0,0,0,0,0,0,0,0,0,0,0,0,0,0,0,0,1,0,0,0,0,0,0,0,0,0,0,0,0,0,0,0,0,0,0,0,0,0,0,0,0,0,0,0,0,0,0,0,0,0,0,0,0,0,0,0,0,0,0,0,0,0,0,0,0,0,0,0,0,0,0,0,0,0,0,0,0,0
2024/09/09 00:00:00,David_Keith,2.1,213,nswgov_nsw_veg_2012,NSWmap_v3_03_E_3848.tif,ClassName,Coastal Swamp Forests,Coastal Swamp Forests,No further information,0,0,0,0,0,0,0,0,0,0,0,0,0,0,0,0,0,0,0,0,0,0,0,0,0,0,0,0,0,0,0,0,0,0,0,0,0,0,0,0,0,0,0,0,0,0,1,0,0,0,0,0,0,0,0,0,0,0,0,0,0,0,0,0,0,0,0,0,0,0,0,0,0,0,0,0,0,0,0,0,0,0,0,0,0,0,0,0,0,0,0,0,0,0,0,0,0,0,0,0,0,0,0,0,0,0,0,0,0,0,0,0
2024/09/09 00:00:00,David_Keith,2.1,213,nswgov_nsw_veg_2012,NSWmap_v3_03_E_3848.tif,ClassName,Coastal Valley Grassy Woodlands,Coastal Valley Grassy Woodlands,No further information,0,0,0,0,0,0,0,0,0,0,0,0,0,0,0,0,0,0,1,0,0,0,0,0,0,0,0,0,0,0,0,0,0,0,0,0,0,0,0,0,0,0,0,0,0,0,0,0,0,0,0,0,0,0,0,0,0,0,0,0,0,0,0,0,0,0,0,0,0,0,0,0,0,0,0,0,0,0,0,0,0,0,0,0,0,0,0,0,0,0,0,0,0,0,0,0,0,0,0,0,0,0,0,0,0,0,0,0,0,0,0,0
2024/09/09 00:00:00,David_Keith,2.1,213,nswgov_nsw_veg_2012,NSWmap_v3_03_E_3848.tif,ClassName,Cool Temperate Rainforests,Cool Temperate Rainforests,No further information,0,0,0,0,0,0,0,1,0,0,0,0,0,0,0,0,0,0,0,0,0,0,0,0,0,0,0,0,0,0,0,0,0,0,0,0,0,0,0,0,0,0,0,0,0,0,0,0,0,0,0,0,0,0,0,0,0,0,0,0,0,0,0,0,0,0,0,0,0,0,0,0,0,0,0,0,0,0,0,0,0,0,0,0,0,0,0,0,0,0,0,0,0,0,0,0,0,0,0,0,0,0,0,0,0,0,0,0,0,0,0,0
2024/09/09 00:00:00,David_Keith,2.1,213,nswgov_nsw_veg_2012,NSWmap_v3_03_E_3848.tif,ClassName,Cumberland Dry Sclerophyll Forests,Cumberland Dry Sclerophyll Forests,No further information,0,0,0,0,0,0,0,0,0,0,1,0,0,0,0,0,0,0,0,0,0,0,0,0,0,0,0,0,0,0,0,0,0,0,0,0,0,0,0,0,0,0,0,0,0,0,0,0,0,0,0,0,0,0,0,0,0,0,0,0,0,0,0,0,0,0,0,0,0,0,0,0,0,0,0,0,0,0,0,0,0,0,0,0,0,0,0,0,0,0,0,0,0,0,0,0,0,0,0,0,0,0,0,0,0,0,0,0,0,0,0,0
2024/09/09 00:00:00,David_Keith,2.1,213,nswgov_nsw_veg_2012,NSWmap_v3_03_E_3848.tif,ClassName,Desert Woodlands,Desert Woodlands,No further information,0,0,0,0,0,0,0,0,0,0,0,0,0,0,0,0,0,0,0,0,0,0,1,0,0,0,0,0,0,0,0,0,0,0,0,0,0,0,0,0,0,0,0,0,0,0,0,0,0,0,0,0,0,0,0,0,0,0,0,0,0,0,0,0,0,0,0,0,0,0,0,0,0,0,0,0,0,0,0,0,0,0,0,0,0,0,0,0,0,0,0,0,0,0,0,0,0,0,0,0,0,0,0,0,0,0,0,0,0,0,0,0
2024/09/09 00:00:00,David_Keith,2.1,213,nswgov_nsw_veg_2012,NSWmap_v3_03_E_3848.tif,ClassName,Dry Rainforests,Dry Rainforests,No further information,0,0,1,0,0,0,0,0,0,0,0,0,0,0,0,0,0,0,0,0,0,0,0,0,0,0,0,0,0,0,0,0,0,0,0,0,0,0,0,0,0,0,0,0,0,0,0,0,0,0,0,0,0,0,0,0,0,0,0,0,0,0,0,0,0,0,0,0,0,0,0,0,0,0,0,0,0,0,0,0,0,0,0,0,0,0,0,0,0,0,0,0,0,0,0,0,0,0,0,0,0,0,0,0,0,0,0,0,0,0,0,0
2024/09/09 00:00:00,David_Keith,2.1,213,nswgov_nsw_veg_2012,NSWmap_v3_03_E_3848.tif,ClassName,Dune Mallee Woodlands,Dune Mallee Woodlands,No further information,0,0,0,0,0,0,0,0,0,0,1,0,0,0,0,0,0,0,0,0,0,0,0,0,0,0,0,0,0,0,0,0,0,0,0,0,0,0,0,0,0,0,0,0,0,0,0,0,0,0,0,0,0,0,0,0,0,0,0,0,0,0,0,0,0,0,0,0,0,0,0,0,0,0,0,0,0,0,0,0,0,0,0,0,0,0,0,0,0,0,0,0,0,0,0,0,0,0,0,0,0,0,0,0,0,0,0,0,0,0,0,0
2024/09/09 00:00:00,David_Keith,2.1,213,nswgov_nsw_veg_2012,NSWmap_v3_03_E_3848.tif,ClassName,Eastern Riverine Forests,Eastern Riverine Forests,No further information,0,0,0,0,0,0,0,0,0,0,0,0,0,0,0,0,0,0,0,0,0,0,0,0,0,0,0,0,0,0,0,0,0,0,0,0,0,0,0,0,0,0,0,0,0,0,1,0,0,0,0,0,0,0,0,0,0,0,0,0,0,0,0,0,0,0,0,0,0,0,0,0,0,0,0,0,0,0,0,0,0,0,0,0,0,0,0,0,0,0,0,0,0,0,0,0,0,0,0,0,0,0,0,0,0,0,0,0,0,0,0,0
2024/09/09 00:00:00,David_Keith,2.1,213,nswgov_nsw_veg_2012,NSWmap_v3_03_E_3848.tif,ClassName,Floodplain Transition Woodlands,Floodplain Transition Woodlands,No further information,0,0,0,0,0,0,0,0,0,0,0,0,0,0,0,0,0,0,1,0,0,0,0,0,0,0,0,0,0,0,0,0,0,0,0,0,0,0,0,0,0,0,0,0,0,0,0,0,0,0,0,0,0,0,0,0,0,0,0,0,0,0,0,0,0,0,0,0,0,0,0,0,0,0,0,0,0,0,0,0,0,0,0,0,0,0,0,0,0,0,0,0,0,0,0,0,0,0,0,0,0,0,0,0,0,0,0,0,0,0,0,0
2024/09/09 00:00:00,David_Keith,2.1,213,nswgov_nsw_veg_2012,NSWmap_v3_03_E_3848.tif,ClassName,Floodplain-Estuarine Transition Forests,Floodplain-Estuarine Transition Forests,No further information,0,0,0,0,0,0,0,0,0,0,0,0,0,0,0,0,0,0,0,0,0,0,0,0,0,0,0,0,0,0,0,0,0,0,0,0,0,0,0,0,0,0,0,0,0,0,1,0,0,0,0,0,0,0,0,0,0,0,0,0,0,0,0,0,0,0,0,0,0,0,0,0,0,0,0,0,0,0,0,0,0,0,0,0,0,0,0,0,0,0,0,0,0,0,0,0,0,0,0,0,0,0,0,0,0,0,0,0,0,0,0,0
2024/09/09 00:00:00,David_Keith,2.1,213,nswgov_nsw_veg_2012,NSWmap_v3_03_E_3848.tif,ClassName,Gibber Chenopod Shrublands,Gibber Chenopod Shrublands,No further information,0,0,0,0,0,0,0,0,0,0,0,0,0,0,0,0,0,0,0,0,1,0,0,0,0,0,0,0,0,0,0,0,0,0,0,0,0,0,0,0,0,0,0,0,0,0,0,0,0,0,0,0,0,0,0,0,0,0,0,0,0,0,0,0,0,0,0,0,0,0,0,0,0,0,0,0,0,0,0,0,0,0,0,0,0,0,0,0,0,0,0,0,0,0,0,0,0,0,0,0,0,0,0,0,0,0,0,0,0,0,0,0
2024/09/09 00:00:00,David_Keith,2.1,213,nswgov_nsw_veg_2012,NSWmap_v3_03_E_3848.tif,ClassName,Gibber Transition Shrublands,Gibber Transition Shrublands,No further information,0,0,0,0,0,0,0,0,0,0,0,0,0,0,0,0,0,0,0,0,0,0,1,0,0,0,0,0,0,0,0,0,0,0,0,0,0,0,0,0,0,0,0,0,0,0,0,0,0,0,0,0,0,0,0,0,0,0,0,0,0,0,0,0,0,0,0,0,0,0,0,0,0,0,0,0,0,0,0,0,0,0,0,0,0,0,0,0,0,0,0,0,0,0,0,0,0,0,0,0,0,0,0,0,0,0,0,0,0,0,0,0
2024/09/09 00:00:00,David_Keith,2.1,213,nswgov_nsw_veg_2012,NSWmap_v3_03_E_3848.tif,ClassName,Hunter-Macleay Dry Sclerophyll Forests,Hunter-Macleay Dry Sclerophyll Forests,No further information,0,0,0,0,0,0,0,0,0,0,1,0,0,0,0,0,0,0,0,0,0,0,0,0,0,0,0,0,0,0,0,0,0,0,0,0,0,0,0,0,0,0,0,0,0,0,0,0,0,0,0,0,0,0,0,0,0,0,0,0,0,0,0,0,0,0,0,0,0,0,0,0,0,0,0,0,0,0,0,0,0,0,0,0,0,0,0,0,0,0,0,0,0,0,0,0,0,0,0,0,0,0,0,0,0,0,0,0,0,0,0,0
2024/09/09 00:00:00,David_Keith,2.1,213,nswgov_nsw_veg_2012,NSWmap_v3_03_E_3848.tif,ClassName,Inland Floodplain Shrublands,Inland Floodplain Shrublands,No further information,0,0,0,0,0,0,0,0,0,0,0,0,0,0,0,0,0,0,0,0,0,0,0,0,0,0,0,0,0,0,0,0,0,0,0,0,0,0,0,0,0,0,0,0,0,0,0,0,0,1,0,0,0,0,0,0,0,0,0,0,0,0,0,0,0,0,0,0,0,0,0,0,0,0,0,0,0,0,0,0,0,0,0,0,0,0,0,0,0,0,0,0,0,0,0,0,0,0,0,0,0,0,0,0,0,0,0,0,0,0,0,0
2024/09/09 00:00:00,David_Keith,2.1,213,nswgov_nsw_veg_2012,NSWmap_v3_03_E_3848.tif,ClassName,Inland Floodplain Swamps,Inland Floodplain Swamps,No further information,0,0,0,0,0,0,0,0,0,0,0,0,0,0,0,0,0,0,0,0,0,0,0,0,0,0,0,0,0,0,0,0,0,0,0,0,0,0,0,0,0,0,0,0,0,0,0,0,1,0,0,0,0,0,0,0,0,0,0,0,0,0,0,0,0,0,0,0,0,0,0,0,0,0,0,0,0,0,0,0,0,0,0,0,0,0,0,0,0,0,0,0,0,0,0,0,0,0,0,0,0,0,0,0,0,0,0,0,0,0,0,0
2024/09/09 00:00:00,David_Keith,2.1,213,nswgov_nsw_veg_2012,NSWmap_v3_03_E_3848.tif,ClassName,Inland Floodplain Woodlands,Inland Floodplain Woodlands,No further information,0,0,0,0,0,0,0,0,0,0,0,0,0,0,0,0,0,0,0,0,0,0,0,0,0,0,0,0,0,0,0,0,0,0,0,0,0,0,0,0,0,0,0,0,0,0,0,0,0,1,0,0,0,0,0,0,0,0,0,0,0,0,0,0,0,0,0,0,0,0,0,0,0,0,0,0,0,0,0,0,0,0,0,0,0,0,0,0,0,0,0,0,0,0,0,0,0,0,0,0,0,0,0,0,0,0,0,0,0,0,0,0
2024/09/09 00:00:00,David_Keith,2.1,213,nswgov_nsw_veg_2012,NSWmap_v3_03_E_3848.tif,ClassName,Inland Riverine Forests,Inland Riverine Forests,No further information,0,0,0,0,0,0,0,0,0,0,0,0,0,0,0,0,0,0,0,0,0,0,0,0,0,0,0,0,0,0,0,0,0,0,0,0,0,0,0,0,0,0,0,0,0,0,1,0,0,0,0,0,0,0,0,0,0,0,0,0,0,0,0,0,0,0,0,0,0,0,0,0,0,0,0,0,0,0,0,0,0,0,0,0,0,0,0,0,0,0,0,0,0,0,0,0,0,0,0,0,0,0,0,0,0,0,0,0,0,0,0,0
2024/09/09 00:00:00,David_Keith,2.1,213,nswgov_nsw_veg_2012,NSWmap_v3_03_E_3848.tif,ClassName,Inland Rocky Hill Woodlands,Inland Rocky Hill Woodlands,No further information,0,0,0,0,0,0,0,0,0,0,1,0,0,0,0,0,0,0,0,0,0,0,0,0,0,0,0,0,0,0,0,0,0,0,0,0,0,0,0,0,0,0,0,0,0,0,0,0,0,0,0,0,0,0,0,0,0,0,0,0,0,0,0,0,0,0,0,0,0,0,0,0,0,0,0,0,0,0,0,0,0,0,0,0,0,0,0,0,0,0,0,0,0,0,0,0,0,0,0,0,0,0,0,0,0,0,0,0,0,0,0,0
2024/09/09 00:00:00,David_Keith,2.1,213,nswgov_nsw_veg_2012,NSWmap_v3_03_E_3848.tif,ClassName,Inland Saline Lakes,Inland Saline Lakes,No further information,0,0,0,0,0,0,0,0,0,0,0,0,0,0,0,0,0,0,0,0,0,0,0,0,0,0,0,0,0,0,0,0,0,0,0,0,0,0,0,0,0,0,0,0,0,0,0,0,0,0,0,0,0,0,0,0,0,0,0,0,0,0,0,0,0,1,0,0,0,0,0,0,0,0,0,0,0,0,0,0,0,0,0,0,0,0,0,0,0,0,0,0,0,0,0,0,0,0,0,0,0,0,0,0,0,0,0,0,0,0,0,0
2024/09/09 00:00:00,David_Keith,2.1,213,nswgov_nsw_veg_2012,NSWmap_v3_03_E_3848.tif,ClassName,Littoral Rainforests,Littoral Rainforests,No further information,0,0,1,0,0,0,0,0,0,0,0,0,0,0,0,0,0,0,0,0,0,0,0,0,0,0,0,0,0,0,0,0,0,0,0,0,0,0,0,0,0,0,0,0,0,0,0,0,0,0,0,0,0,0,0,0,0,0,0,0,0,0,0,0,0,0,0,0,0,0,0,0,0,0,0,0,0,0,0,0,0,0,0,0,0,0,0,0,0,0,0,0,0,0,0,0,0,0,0,0,0,0,0,0,0,0,0,0,0,0,0,0
2024/09/09 00:00:00,David_Keith,2.1,213,nswgov_nsw_veg_2012,NSWmap_v3_03_E_3848.tif,ClassName,Mangrove Swamps,Mangrove Swamps,No further information,0,0,0,0,0,0,0,0,0,0,0,0,0,0,0,0,0,0,0,0,0,0,0,0,0,0,0,0,0,0,0,0,0,0,0,0,0,0,0,0,0,0,0,0,0,0,0,0,0,0,0,0,0,0,0,0,0,0,0,0,0,0,0,0,0,0,0,0,0,0,0,0,0,0,0,0,0,0,0,0,0,0,0,0,0,0,0,0,0,0,0,0,0,0,0,0,0,0,0,0,0,0,0,0,0,0,0,0,0,1,0,0
2024/09/09 00:00:00,David_Keith,2.1,213,nswgov_nsw_veg_2012,NSWmap_v3_03_E_3848.tif,ClassName,Maritime Grasslands,Maritime Grasslands,No further information,0,0,0,0,0,0,0,0,0,0,0,0,0,0,0,0,0,0,0,0,0,0,0,0,0,0,0,0,0,0,0,0,0,0,0,0,0,0,0,0,0,0,0,0,0,0,0,0,0,0,0,0,0,0,0,0,0,0,0,0,0,0,0,0,0,0,0,0,0,0,0,0,0,0,0,0,0,0,0,0,0,0,0,0,0,0,0,0,0,0,0,0,0,0,0,0,0,0,0,0,0,0,0,0,0,1,0,0,0,0,0,0
2024/09/09 00:00:00,David_Keith,2.1,213,nswgov_nsw_veg_2012,NSWmap_v3_03_E_3848.tif,ClassName,Montane Bogs and Fens,Montane Bogs and Fens,No further information,0,0,0,0,0,0,0,0,0,0,0,0,0,0,0,0,0,0,0,0,0,0,0,0,0,0,0,0,0,0,0,0,0,0,0,0,0,0,0,0,0,0,0,0,0,0,0,0,0,0,1,0,0,0,0,0,0,0,0,0,0,0,0,0,0,0,0,0,0,0,0,0,0,0,0,0,0,0,0,0,0,0,0,0,0,0,0,0,0,0,0,0,0,0,0,0,0,0,0,0,0,0,0,0,0,0,0,0,0,0,0,0
2024/09/09 00:00:00,David_Keith,2.1,213,nswgov_nsw_veg_2012,NSWmap_v3_03_E_3848.tif,ClassName,Montane Lakes,Montane Lakes,No further information,0,0,0,0,0,0,0,0,0,0,0,0,0,0,0,0,0,0,0,0,0,0,0,0,0,0,0,0,0,0,0,0,0,0,0,0,0,0,0,0,0,0,0,0,0,0,0,0,0,0,0,0,0,0,0,0,0,0,0,0,1,0,0,0,0,0,0,0,0,0,0,0,0,0,0,0,0,0,0,0,0,0,0,0,0,0,0,0,0,0,0,0,0,0,0,0,0,0,0,0,0,0,0,0,0,0,0,0,0,0,0,0
2024/09/09 00:00:00,David_Keith,2.1,213,nswgov_nsw_veg_2012,NSWmap_v3_03_E_3848.tif,ClassName,Montane Wet Sclerophyll Forests,Montane Wet Sclerophyll Forests,No further information,0,0,0,0,0,0,0,0,0,1,0,0,0,0,0,0,0,0,0,0,0,0,0,0,0,0,0,0,0,0,0,0,0,0,0,0,0,0,0,0,0,0,0,0,0,0,0,0,0,0,0,0,0,0,0,0,0,0,0,0,0,0,0,0,0,0,0,0,0,0,0,0,0,0,0,0,0,0,0,0,0,0,0,0,0,0,0,0,0,0,0,0,0,0,0,0,0,0,0,0,0,0,0,0,0,0,0,0,0,0,0,0
2024/09/09 00:00:00,David_Keith,2.1,213,nswgov_nsw_veg_2012,NSWmap_v3_03_E_3848.tif,ClassName,New England Dry Sclerophyll Forests,New England Dry Sclerophyll Forests,No further information,0,0,0,0,0,0,0,0,0,0,1,0,0,0,0,0,0,0,0,0,0,0,0,0,0,0,0,0,0,0,0,0,0,0,0,0,0,0,0,0,0,0,0,0,0,0,0,0,0,0,0,0,0,0,0,0,0,0,0,0,0,0,0,0,0,0,0,0,0,0,0,0,0,0,0,0,0,0,0,0,0,0,0,0,0,0,0,0,0,0,0,0,0,0,0,0,0,0,0,0,0,0,0,0,0,0,0,0,0,0,0,0
2024/09/09 00:00:00,David_Keith,2.1,213,nswgov_nsw_veg_2012,NSWmap_v3_03_E_3848.tif,ClassName,New England Grassy Woodlands,New England Grassy Woodlands,No further information,0,0,0,0,0,0,0,0,0,0,0,0,0,0,0,0,0,0,1,0,0,0,0,0,0,0,0,0,0,0,0,0,0,0,0,0,0,0,0,0,0,0,0,0,0,0,0,0,0,0,0,0,0,0,0,0,0,0,0,0,0,0,0,0,0,0,0,0,0,0,0,0,0,0,0,0,0,0,0,0,0,0,0,0,0,0,0,0,0,0,0,0,0,0,0,0,0,0,0,0,0,0,0,0,0,0,0,0,0,0,0,0
2024/09/09 00:00:00,David_Keith,2.1,213,nswgov_nsw_veg_2012,NSWmap_v3_03_E_3848.tif,ClassName,North Coast Dry Sclerophyll Forests,North Coast Dry Sclerophyll Forests,No further information,0,0,0,0,0,0,0,0,0,0,1,0,0,0,0,0,0,0,0,0,0,0,0,0,0,0,0,0,0,0,0,0,0,0,0,0,0,0,0,0,0,0,0,0,0,0,0,0,0,0,0,0,0,0,0,0,0,0,0,0,0,0,0,0,0,0,0,0,0,0,0,0,0,0,0,0,0,0,0,0,0,0,0,0,0,0,0,0,0,0,0,0,0,0,0,0,0,0,0,0,0,0,0,0,0,0,0,0,0,0,0,0
2024/09/09 00:00:00,David_Keith,2.1,213,nswgov_nsw_veg_2012,NSWmap_v3_03_E_3848.tif,ClassName,North Coast Wet Sclerophyll Forests,North Coast Wet Sclerophyll Forests,No further information,0,0,0,0,0,0,0,0,0,1,0,0,0,0,0,0,0,0,0,0,0,0,0,0,0,0,0,0,0,0,0,0,0,0,0,0,0,0,0,0,0,0,0,0,0,0,0,0,0,0,0,0,0,0,0,0,0,0,0,0,0,0,0,0,0,0,0,0,0,0,0,0,0,0,0,0,0,0,0,0,0,0,0,0,0,0,0,0,0,0,0,0,0,0,0,0,0,0,0,0,0,0,0,0,0,0,0,0,0,0,0,0
2024/09/09 00:00:00,David_Keith,2.1,213,nswgov_nsw_veg_2012,NSWmap_v3_03_E_3848.tif,ClassName,Northern Escarpment Dry Sclerophyll Forests,Northern Escarpment Dry Sclerophyll Forests,No further information,0,0,0,0,0,0,0,0,0,0,1,0,0,0,0,0,0,0,0,0,0,0,0,0,0,0,0,0,0,0,0,0,0,0,0,0,0,0,0,0,0,0,0,0,0,0,0,0,0,0,0,0,0,0,0,0,0,0,0,0,0,0,0,0,0,0,0,0,0,0,0,0,0,0,0,0,0,0,0,0,0,0,0,0,0,0,0,0,0,0,0,0,0,0,0,0,0,0,0,0,0,0,0,0,0,0,0,0,0,0,0,0
2024/09/09 00:00:00,David_Keith,2.1,213,nswgov_nsw_veg_2012,NSWmap_v3_03_E_3848.tif,ClassName,Northern Escarpment Wet Sclerophyll Forests,Northern Escarpment Wet Sclerophyll Forests,No further information,0,0,0,0,0,0,0,0,0,1,0,0,0,0,0,0,0,0,0,0,0,0,0,0,0,0,0,0,0,0,0,0,0,0,0,0,0,0,0,0,0,0,0,0,0,0,0,0,0,0,0,0,0,0,0,0,0,0,0,0,0,0,0,0,0,0,0,0,0,0,0,0,0,0,0,0,0,0,0,0,0,0,0,0,0,0,0,0,0,0,0,0,0,0,0,0,0,0,0,0,0,0,0,0,0,0,0,0,0,0,0,0
2024/09/09 00:00:00,David_Keith,2.1,213,nswgov_nsw_veg_2012,NSWmap_v3_03_E_3848.tif,ClassName,Northern Gorge Dry Sclerophyll Forests,Northern Gorge Dry Sclerophyll Forests,No further information,0,0,0,0,0,0,0,0,0,0,1,0,0,0,0,0,0,0,0,0,0,0,0,0,0,0,0,0,0,0,0,0,0,0,0,0,0,0,0,0,0,0,0,0,0,0,0,0,0,0,0,0,0,0,0,0,0,0,0,0,0,0,0,0,0,0,0,0,0,0,0,0,0,0,0,0,0,0,0,0,0,0,0,0,0,0,0,0,0,0,0,0,0,0,0,0,0,0,0,0,0,0,0,0,0,0,0,0,0,0,0,0
2024/09/09 00:00:00,David_Keith,2.1,213,nswgov_nsw_veg_2012,NSWmap_v3_03_E_3848.tif,ClassName,Northern Hinterland Wet Sclerophyll Forests,Northern Hinterland Wet Sclerophyll Forests,No further information,0,0,0,0,0,0,0,0,0,1,0,0,0,0,0,0,0,0,0,0,0,0,0,0,0,0,0,0,0,0,0,0,0,0,0,0,0,0,0,0,0,0,0,0,0,0,0,0,0,0,0,0,0,0,0,0,0,0,0,0,0,0,0,0,0,0,0,0,0,0,0,0,0,0,0,0,0,0,0,0,0,0,0,0,0,0,0,0,0,0,0,0,0,0,0,0,0,0,0,0,0,0,0,0,0,0,0,0,0,0,0,0
2024/09/09 00:00:00,David_Keith,2.1,213,nswgov_nsw_veg_2012,NSWmap_v3_03_E_3848.tif,ClassName,Northern Montane Heaths,Northern Montane Heaths,No further information,0,0,0,0,0,0,0,0,0,0,0,0,1,0,0,0,0,0,0,0,0,0,0,0,0,0,0,0,0,0,0,0,0,0,0,0,0,0,0,0,0,0,0,0,0,0,0,0,0,0,0,0,0,0,0,0,0,0,0,0,0,0,0,0,0,0,0,0,0,0,0,0,0,0,0,0,0,0,0,0,0,0,0,0,0,0,0,0,0,0,0,0,0,0,0,0,0,0,0,0,0,0,0,0,0,0,0,0,0,0,0,0
2024/09/09 00:00:00,David_Keith,2.1,213,nswgov_nsw_veg_2012,NSWmap_v3_03_E_3848.tif,ClassName,Northern Tableland Dry Sclerophyll Forests,Northern Tableland Dry Sclerophyll Forests,No further information,0,0,0,0,0,0,0,0,0,0,1,0,0,0,0,0,0,0,0,0,0,0,0,0,0,0,0,0,0,0,0,0,0,0,0,0,0,0,0,0,0,0,0,0,0,0,0,0,0,0,0,0,0,0,0,0,0,0,0,0,0,0,0,0,0,0,0,0,0,0,0,0,0,0,0,0,0,0,0,0,0,0,0,0,0,0,0,0,0,0,0,0,0,0,0,0,0,0,0,0,0,0,0,0,0,0,0,0,0,0,0,0
2024/09/09 00:00:00,David_Keith,2.1,213,nswgov_nsw_veg_2012,NSWmap_v3_03_E_3848.tif,ClassName,Northern Tableland Wet Sclerophyll Forests,Northern Tableland Wet Sclerophyll Forests,No further information,0,0,0,0,0,0,0,0,0,1,0,0,0,0,0,0,0,0,0,0,0,0,0,0,0,0,0,0,0,0,0,0,0,0,0,0,0,0,0,0,0,0,0,0,0,0,0,0,0,0,0,0,0,0,0,0,0,0,0,0,0,0,0,0,0,0,0,0,0,0,0,0,0,0,0,0,0,0,0,0,0,0,0,0,0,0,0,0,0,0,0,0,0,0,0,0,0,0,0,0,0,0,0,0,0,0,0,0,0,0,0,0
2024/09/09 00:00:00,David_Keith,2.1,213,nswgov_nsw_veg_2012,NSWmap_v3_03_E_3848.tif,ClassName,Northern Warm Temperate Rainforests,Northern Warm Temperate Rainforests,No further information,0,0,0,0,0,0,0,0,1,0,0,0,0,0,0,0,0,0,0,0,0,0,0,0,0,0,0,0,0,0,0,0,0,0,0,0,0,0,0,0,0,0,0,0,0,0,0,0,0,0,0,0,0,0,0,0,0,0,0,0,0,0,0,0,0,0,0,0,0,0,0,0,0,0,0,0,0,0,0,0,0,0,0,0,0,0,0,0,0,0,0,0,0,0,0,0,0,0,0,0,0,0,0,0,0,0,0,0,0,0,0,0
2024/09/09 00:00:00,David_Keith,2.1,213,nswgov_nsw_veg_2012,NSWmap_v3_03_E_3848.tif,ClassName,North-west Alluvial Sand Woodlands,North-west Alluvial Sand Woodlands,No further information,0,0,0,0,0,0,0,0,0,0,1,0,0,0,0,0,0,0,0,0,0,0,0,0,0,0,0,0,0,0,0,0,0,0,0,0,0,0,0,0,0,0,0,0,0,0,0,0,0,0,0,0,0,0,0,0,0,0,0,0,0,0,0,0,0,0,0,0,0,0,0,0,0,0,0,0,0,0,0,0,0,0,0,0,0,0,0,0,0,0,0,0,0,0,0,0,0,0,0,0,0,0,0,0,0,0,0,0,0,0,0,0
2024/09/09 00:00:00,David_Keith,2.1,213,nswgov_nsw_veg_2012,NSWmap_v3_03_E_3848.tif,ClassName,North-west Floodplain Woodlands,North-west Floodplain Woodlands,No further information,0,0,0,0,0,0,0,0,0,0,0,0,0,0,0,0,0,0,0,0,0,0,0,0,0,0,0,0,0,0,0,0,0,0,0,0,0,0,0,0,0,0,0,0,0,0,0,0,0,1,0,0,0,0,0,0,0,0,0,0,0,0,0,0,0,0,0,0,0,0,0,0,0,0,0,0,0,0,0,0,0,0,0,0,0,0,0,0,0,0,0,0,0,0,0,0,0,0,0,0,0,0,0,0,0,0,0,0,0,0,0,0
2024/09/09 00:00:00,David_Keith,2.1,213,nswgov_nsw_veg_2012,NSWmap_v3_03_E_3848.tif,ClassName,North-west Plain Shrublands,North-west Plain Shrublands,No further information,0,0,0,0,0,0,0,0,0,0,0,0,0,0,0,0,0,0,0,0,0,0,1,0,0,0,0,0,0,0,0,0,0,0,0,0,0,0,0,0,0,0,0,0,0,0,0,0,0,0,0,0,0,0,0,0,0,0,0,0,0,0,0,0,0,0,0,0,0,0,0,0,0,0,0,0,0,0,0,0,0,0,0,0,0,0,0,0,0,0,0,0,0,0,0,0,0,0,0,0,0,0,0,0,0,0,0,0,0,0,0,0
2024/09/09 00:00:00,David_Keith,2.1,213,nswgov_nsw_veg_2012,NSWmap_v3_03_E_3848.tif,ClassName,North-west Slopes Dry Sclerophyll Woodlands,North-west Slopes Dry Sclerophyll Woodlands,No further information,0,0,0,0,0,0,0,0,0,0,1,0,0,0,0,0,0,0,0,0,0,0,0,0,0,0,0,0,0,0,0,0,0,0,0,0,0,0,0,0,0,0,0,0,0,0,0,0,0,0,0,0,0,0,0,0,0,0,0,0,0,0,0,0,0,0,0,0,0,0,0,0,0,0,0,0,0,0,0,0,0,0,0,0,0,0,0,0,0,0,0,0,0,0,0,0,0,0,0,0,0,0,0,0,0,0,0,0,0,0,0,0
2024/09/09 00:00:00,David_Keith,2.1,213,nswgov_nsw_veg_2012,NSWmap_v3_03_E_3848.tif,ClassName,Oceanic Cloud Forests,Oceanic Cloud Forests,No further information,0,0,0,1,0,0,0,0,0,0,0,0,0,0,0,0,0,0,0,0,0,0,0,0,0,0,0,0,0,0,0,0,0,0,0,0,0,0,0,0,0,0,0,0,0,0,0,0,0,0,0,0,0,0,0,0,0,0,0,0,0,0,0,0,0,0,0,0,0,0,0,0,0,0,0,0,0,0,0,0,0,0,0,0,0,0,0,0,0,0,0,0,0,0,0,0,0,0,0,0,0,0,0,0,0,0,0,0,0,0,0,0
2024/09/09 00:00:00,David_Keith,2.1,213,nswgov_nsw_veg_2012,NSWmap_v3_03_E_3848.tif,ClassName,Oceanic Rainforests,Oceanic Rainforests,No further information,0,1,0,0,0,0,0,0,0,0,0,0,0,0,0,0,0,0,0,0,0,0,0,0,0,0,0,0,0,0,0,0,0,0,0,0,0,0,0,0,0,0,0,0,0,0,0,0,0,0,0,0,0,0,0,0,0,0,0,0,0,0,0,0,0,0,0,0,0,0,0,0,0,0,0,0,0,0,0,0,0,0,0,0,0,0,0,0,0,0,0,0,0,0,0,0,0,0,0,0,0,0,0,0,0,0,0,0,0,0,0,0
2024/09/09 00:00:00,David_Keith,2.1,213,nswgov_nsw_veg_2012,NSWmap_v3_03_E_3848.tif,ClassName,Pilliga Outwash Dry Sclerophyll Forests,Pilliga Outwash Dry Sclerophyll Forests,No further information,0,0,0,0,0,0,0,0,0,0,1,0,0,0,0,0,0,0,0,0,0,0,0,0,0,0,0,0,0,0,0,0,0,0,0,0,0,0,0,0,0,0,0,0,0,0,0,0,0,0,0,0,0,0,0,0,0,0,0,0,0,0,0,0,0,0,0,0,0,0,0,0,0,0,0,0,0,0,0,0,0,0,0,0,0,0,0,0,0,0,0,0,0,0,0,0,0,0,0,0,0,0,0,0,0,0,0,0,0,0,0,0
2024/09/09 00:00:00,David_Keith,2.1,213,nswgov_nsw_veg_2012,NSWmap_v3_03_E_3848.tif,ClassName,Riverine Chenopod Shrublands,Riverine Chenopod Shrublands,No further information,0,0,0,0,0,0,0,0,0,0,0,0,0,0,0,0,0,0,0,0,1,0,0,0,0,0,0,0,0,0,0,0,0,0,0,0,0,0,0,0,0,0,0,0,0,0,0,0,0,0,0,0,0,0,0,0,0,0,0,0,0,0,0,0,0,0,0,0,0,0,0,0,0,0,0,0,0,0,0,0,0,0,0,0,0,0,0,0,0,0,0,0,0,0,0,0,0,0,0,0,0,0,0,0,0,0,0,0,0,0,0,0
2024/09/09 00:00:00,David_Keith,2.1,213,nswgov_nsw_veg_2012,NSWmap_v3_03_E_3848.tif,ClassName,Riverine Plain Grasslands,Riverine Plain Grasslands,No further information,0,0,0,0,0,0,0,0,0,0,0,0,0,0,0,0,0,0,0,1,0,0,0,0,0,0,0,0,0,0,0,0,0,0,0,0,0,0,0,0,0,0,0,0,0,0,0,0,0,0,0,0,0,0,0,0,0,0,0,0,0,0,0,0,0,0,0,0,0,0,0,0,0,0,0,0,0,0,0,0,0,0,0,0,0,0,0,0,0,0,0,0,0,0,0,0,0,0,0,0,0,0,0,0,0,0,0,0,0,0,0,0
2024/09/09 00:00:00,David_Keith,2.1,213,nswgov_nsw_veg_2012,NSWmap_v3_03_E_3848.tif,ClassName,Riverine Plain Woodlands,Riverine Plain Woodlands,No further information,0,0,0,0,0,0,0,0,0,0,0,0,0,0,0,0,0,0,0,0,1,0,0,0,0,0,0,0,0,0,0,0,0,0,0,0,0,0,0,0,0,0,0,0,0,0,0,0,0,0,0,0,0,0,0,0,0,0,0,0,0,0,0,0,0,0,0,0,0,0,0,0,0,0,0,0,0,0,0,0,0,0,0,0,0,0,0,0,0,0,0,0,0,0,0,0,0,0,0,0,0,0,0,0,0,0,0,0,0,0,0,0
2024/09/09 00:00:00,David_Keith,2.1,213,nswgov_nsw_veg_2012,NSWmap_v3_03_E_3848.tif,ClassName,Riverine Sandhill Woodlands,Riverine Sandhill Woodlands,No further information,0,0,0,0,0,0,0,0,0,0,0,0,0,0,0,0,0,0,0,0,0,0,1,0,0,0,0,0,0,0,0,0,0,0,0,0,0,0,0,0,0,0,0,0,0,0,0,0,0,0,0,0,0,0,0,0,0,0,0,0,0,0,0,0,0,0,0,0,0,0,0,0,0,0,0,0,0,0,0,0,0,0,0,0,0,0,0,0,0,0,0,0,0,0,0,0,0,0,0,0,0,0,0,0,0,0,0,0,0,0,0,0
2024/09/09 00:00:00,David_Keith,2.1,213,nswgov_nsw_veg_2012,NSWmap_v3_03_E_3848.tif,ClassName,Saltmarshes,Saltmarshes,No further information,0,0,0,0,0,0,0,0,0,0,0,0,0,0,0,0,0,0,0,0,0,0,0,0,0,0,0,0,0,0,0,0,0,0,0,0,0,0,0,0,0,0,0,0,0,0,0,0,0,0,0,0,0,0,0,0,0,0,0,0,0,0,0,0,0,0,0,0,0,0,0,0,0,0,0,0,0,0,0,0,0,0,0,0,0,0,0,0,0,0,0,0,0,0,0,0,0,0,0,0,0,0,0,0,0,0,0,0,0,0,1,0
2024/09/09 00:00:00,David_Keith,2.1,213,nswgov_nsw_veg_2012,NSWmap_v3_03_E_3848.tif,ClassName,Sand Plain Mallee Woodlands,Sand Plain Mallee Woodlands,No further information,0,0,0,0,0,0,0,0,0,0,1,0,0,0,0,0,0,0,0,0,0,0,0,0,0,0,0,0,0,0,0,0,0,0,0,0,0,0,0,0,0,0,0,0,0,0,0,0,0,0,0,0,0,0,0,0,0,0,0,0,0,0,0,0,0,0,0,0,0,0,0,0,0,0,0,0,0,0,0,0,0,0,0,0,0,0,0,0,0,0,0,0,0,0,0,0,0,0,0,0,0,0,0,0,0,0,0,0,0,0,0,0
2024/09/09 00:00:00,David_Keith,2.1,213,nswgov_nsw_veg_2012,NSWmap_v3_03_E_3848.tif,ClassName,Sand Plain Mulga Shrublands,Sand Plain Mulga Shrublands,No further information,0,0,0,0,0,0,0,0,0,0,0,0,0,0,0,0,0,0,0,0,0,0,1,0,0,0,0,0,0,0,0,0,0,0,0,0,0,0,0,0,0,0,0,0,0,0,0,0,0,0,0,0,0,0,0,0,0,0,0,0,0,0,0,0,0,0,0,0,0,0,0,0,0,0,0,0,0,0,0,0,0,0,0,0,0,0,0,0,0,0,0,0,0,0,0,0,0,0,0,0,0,0,0,0,0,0,0,0,0,0,0,0
2024/09/09 00:00:00,David_Keith,2.1,213,nswgov_nsw_veg_2012,NSWmap_v3_03_E_3848.tif,ClassName,Seagrass Meadows,Seagrass Meadows,No further information,0,0,0,0,0,0,0,0,0,0,0,0,0,0,0,0,0,0,0,0,0,0,0,0,0,0,0,0,0,0,0,0,0,0,0,0,0,0,0,0,0,0,0,0,0,0,0,0,0,0,0,0,0,0,0,0,0,0,0,0,0,0,0,0,0,0,0,0,0,0,0,0,0,0,0,0,0,1,0,0,0,0,0,0,0,0,0,0,0,0,0,0,0,0,0,0,0,0,0,0,0,0,0,0,0,0,0,0,0,0,0,0
2024/09/09 00:00:00,David_Keith,2.1,213,nswgov_nsw_veg_2012,NSWmap_v3_03_E_3848.tif,ClassName,Semi-arid Floodplain Grasslands,Semi-arid Floodplain Grasslands,No further information,0,0,0,0,0,0,0,0,0,0,0,0,0,0,0,0,0,0,0,1,0,0,0,0,0,0,0,0,0,0,0,0,0,0,0,0,0,0,0,0,0,0,0,0,0,0,0,0,0,0,0,0,0,0,0,0,0,0,0,0,0,0,0,0,0,0,0,0,0,0,0,0,0,0,0,0,0,0,0,0,0,0,0,0,0,0,0,0,0,0,0,0,0,0,0,0,0,0,0,0,0,0,0,0,0,0,0,0,0,0,0,0
2024/09/09 00:00:00,David_Keith,2.1,213,nswgov_nsw_veg_2012,NSWmap_v3_03_E_3848.tif,ClassName,Semi-arid Sand Plain Woodlands,Semi-arid Sand Plain Woodlands,No further information,0,0,0,0,0,0,0,0,0,0,0,0,0,0,0,0,0,0,0,0,1,0,0,0,0,0,0,0,0,0,0,0,0,0,0,0,0,0,0,0,0,0,0,0,0,0,0,0,0,0,0,0,0,0,0,0,0,0,0,0,0,0,0,0,0,0,0,0,0,0,0,0,0,0,0,0,0,0,0,0,0,0,0,0,0,0,0,0,0,0,0,0,0,0,0,0,0,0,0,0,0,0,0,0,0,0,0,0,0,0,0,0
2024/09/09 00:00:00,David_Keith,2.1,213,nswgov_nsw_veg_2012,NSWmap_v3_03_E_3848.tif,ClassName,South Coast Heaths,South Coast Heaths,No further information,0,0,0,0,0,0,0,0,0,0,0,0,1,0,0,0,0,0,0,0,0,0,0,0,0,0,0,0,0,0,0,0,0,0,0,0,0,0,0,0,0,0,0,0,0,0,0,0,0,0,0,0,0,0,0,0,0,0,0,0,0,0,0,0,0,0,0,0,0,0,0,0,0,0,0,0,0,0,0,0,0,0,0,0,0,0,0,0,0,0,0,0,0,0,0,0,0,0,0,0,0,0,0,0,0,0,0,0,0,0,0,0
2024/09/09 00:00:00,David_Keith,2.1,213,nswgov_nsw_veg_2012,NSWmap_v3_03_E_3848.tif,ClassName,South Coast Sands Dry Sclerophyll Forests,South Coast Sands Dry Sclerophyll Forests,No further information,0,0,0,0,0,0,0,0,0,0,1,0,0,0,0,0,0,0,0,0,0,0,0,0,0,0,0,0,0,0,0,0,0,0,0,0,0,0,0,0,0,0,0,0,0,0,0,0,0,0,0,0,0,0,0,0,0,0,0,0,0,0,0,0,0,0,0,0,0,0,0,0,0,0,0,0,0,0,0,0,0,0,0,0,0,0,0,0,0,0,0,0,0,0,0,0,0,0,0,0,0,0,0,0,0,0,0,0,0,0,0,0
2024/09/09 00:00:00,David_Keith,2.1,213,nswgov_nsw_veg_2012,NSWmap_v3_03_E_3848.tif,ClassName,South Coast Wet Sclerophyll Forests,South Coast Wet Sclerophyll Forests,No further information,0,0,0,0,0,0,0,0,0,1,0,0,0,0,0,0,0,0,0,0,0,0,0,0,0,0,0,0,0,0,0,0,0,0,0,0,0,0,0,0,0,0,0,0,0,0,0,0,0,0,0,0,0,0,0,0,0,0,0,0,0,0,0,0,0,0,0,0,0,0,0,0,0,0,0,0,0,0,0,0,0,0,0,0,0,0,0,0,0,0,0,0,0,0,0,0,0,0,0,0,0,0,0,0,0,0,0,0,0,0,0,0
2024/09/09 00:00:00,David_Keith,2.1,213,nswgov_nsw_veg_2012,NSWmap_v3_03_E_3848.tif,ClassName,South East Dry Sclerophyll Forests,South East Dry Sclerophyll Forests,No further information,0,0,0,0,0,0,0,0,0,0,1,0,0,0,0,0,0,0,0,0,0,0,0,0,0,0,0,0,0,0,0,0,0,0,0,0,0,0,0,0,0,0,0,0,0,0,0,0,0,0,0,0,0,0,0,0,0,0,0,0,0,0,0,0,0,0,0,0,0,0,0,0,0,0,0,0,0,0,0,0,0,0,0,0,0,0,0,0,0,0,0,0,0,0,0,0,0,0,0,0,0,0,0,0,0,0,0,0,0,0,0,0
2024/09/09 00:00:00,David_Keith,2.1,213,nswgov_nsw_veg_2012,NSWmap_v3_03_E_3848.tif,ClassName,Southern Escarpment Wet Sclerophyll Forests,Southern Escarpment Wet Sclerophyll Forests,No further information,0,0,0,0,0,0,0,0,0,1,0,0,0,0,0,0,0,0,0,0,0,0,0,0,0,0,0,0,0,0,0,0,0,0,0,0,0,0,0,0,0,0,0,0,0,0,0,0,0,0,0,0,0,0,0,0,0,0,0,0,0,0,0,0,0,0,0,0,0,0,0,0,0,0,0,0,0,0,0,0,0,0,0,0,0,0,0,0,0,0,0,0,0,0,0,0,0,0,0,0,0,0,0,0,0,0,0,0,0,0,0,0
2024/09/09 00:00:00,David_Keith,2.1,213,nswgov_nsw_veg_2012,NSWmap_v3_03_E_3848.tif,ClassName,Southern Hinterland Dry Sclerophyll Forests,Southern Hinterland Dry Sclerophyll Forests,No further information,0,0,0,0,0,0,0,0,0,0,1,0,0,0,0,0,0,0,0,0,0,0,0,0,0,0,0,0,0,0,0,0,0,0,0,0,0,0,0,0,0,0,0,0,0,0,0,0,0,0,0,0,0,0,0,0,0,0,0,0,0,0,0,0,0,0,0,0,0,0,0,0,0,0,0,0,0,0,0,0,0,0,0,0,0,0,0,0,0,0,0,0,0,0,0,0,0,0,0,0,0,0,0,0,0,0,0,0,0,0,0,0
2024/09/09 00:00:00,David_Keith,2.1,213,nswgov_nsw_veg_2012,NSWmap_v3_03_E_3848.tif,ClassName,Southern Lowland Wet Sclerophyll Forests,Southern Lowland Wet Sclerophyll Forests,No further information,0,0,0,0,0,0,0,0,0,1,0,0,0,0,0,0,0,0,0,0,0,0,0,0,0,0,0,0,0,0,0,0,0,0,0,0,0,0,0,0,0,0,0,0,0,0,0,0,0,0,0,0,0,0,0,0,0,0,0,0,0,0,0,0,0,0,0,0,0,0,0,0,0,0,0,0,0,0,0,0,0,0,0,0,0,0,0,0,0,0,0,0,0,0,0,0,0,0,0,0,0,0,0,0,0,0,0,0,0,0,0,0
2024/09/09 00:00:00,David_Keith,2.1,213,nswgov_nsw_veg_2012,NSWmap_v3_03_E_3848.tif,ClassName,Southern Montane Heaths,Southern Montane Heaths,No further information,0,0,0,0,0,0,0,0,0,0,0,0,1,0,0,0,0,0,0,0,0,0,0,0,0,0,0,0,0,0,0,0,0,0,0,0,0,0,0,0,0,0,0,0,0,0,0,0,0,0,0,0,0,0,0,0,0,0,0,0,0,0,0,0,0,0,0,0,0,0,0,0,0,0,0,0,0,0,0,0,0,0,0,0,0,0,0,0,0,0,0,0,0,0,0,0,0,0,0,0,0,0,0,0,0,0,0,0,0,0,0,0
2024/09/09 00:00:00,David_Keith,2.1,213,nswgov_nsw_veg_2012,NSWmap_v3_03_E_3848.tif,ClassName,Southern Riverina Grasslands,Southern Riverina Grasslands,No further information,0,0,0,0,0,0,0,0,0,0,0,0,0,0,0,0,0,0,0,1,0,0,0,0,0,0,0,0,0,0,0,0,0,0,0,0,0,0,0,0,0,0,0,0,0,0,0,0,0,0,0,0,0,0,0,0,0,0,0,0,0,0,0,0,0,0,0,0,0,0,0,0,0,0,0,0,0,0,0,0,0,0,0,0,0,0,0,0,0,0,0,0,0,0,0,0,0,0,0,0,0,0,0,0,0,0,0,0,0,0,0,0
2024/09/09 00:00:00,David_Keith,2.1,213,nswgov_nsw_veg_2012,NSWmap_v3_03_E_3848.tif,ClassName,Southern Tableland Dry Sclerophyll Forests,Southern Tableland Dry Sclerophyll Forests,No further information,0,0,0,0,0,0,0,0,0,0,1,0,0,0,0,0,0,0,0,0,0,0,0,0,0,0,0,0,0,0,0,0,0,0,0,0,0,0,0,0,0,0,0,0,0,0,0,0,0,0,0,0,0,0,0,0,0,0,0,0,0,0,0,0,0,0,0,0,0,0,0,0,0,0,0,0,0,0,0,0,0,0,0,0,0,0,0,0,0,0,0,0,0,0,0,0,0,0,0,0,0,0,0,0,0,0,0,0,0,0,0,0
2024/09/09 00:00:00,David_Keith,2.1,213,nswgov_nsw_veg_2012,NSWmap_v3_03_E_3848.tif,ClassName,Southern Tableland Grassy Woodlands,Southern Tableland Grassy Woodlands,No further information,0,0,0,0,0,0,0,0,0,0,0,0,0,0,0,0,0,0,1,0,0,0,0,0,0,0,0,0,0,0,0,0,0,0,0,0,0,0,0,0,0,0,0,0,0,0,0,0,0,0,0,0,0,0,0,0,0,0,0,0,0,0,0,0,0,0,0,0,0,0,0,0,0,0,0,0,0,0,0,0,0,0,0,0,0,0,0,0,0,0,0,0,0,0,0,0,0,0,0,0,0,0,0,0,0,0,0,0,0,0,0,0
2024/09/09 00:00:00,David_Keith,2.1,213,nswgov_nsw_veg_2012,NSWmap_v3_03_E_3848.tif,ClassName,Southern Tableland Wet Sclerophyll Forests,Southern Tableland Wet Sclerophyll Forests,No further information,0,0,0,0,0,0,0,0,0,1,0,0,0,0,0,0,0,0,0,0,0,0,0,0,0,0,0,0,0,0,0,0,0,0,0,0,0,0,0,0,0,0,0,0,0,0,0,0,0,0,0,0,0,0,0,0,0,0,0,0,0,0,0,0,0,0,0,0,0,0,0,0,0,0,0,0,0,0,0,0,0,0,0,0,0,0,0,0,0,0,0,0,0,0,0,0,0,0,0,0,0,0,0,0,0,0,0,0,0,0,0,0
2024/09/09 00:00:00,David_Keith,2.1,213,nswgov_nsw_veg_2012,NSWmap_v3_03_E_3848.tif,ClassName,Southern Warm Temperate Rainforests,Southern Warm Temperate Rainforests,No further information,0,0,0,0,0,0,0,0,1,0,0,0,0,0,0,0,0,0,0,0,0,0,0,0,0,0,0,0,0,0,0,0,0,0,0,0,0,0,0,0,0,0,0,0,0,0,0,0,0,0,0,0,0,0,0,0,0,0,0,0,0,0,0,0,0,0,0,0,0,0,0,0,0,0,0,0,0,0,0,0,0,0,0,0,0,0,0,0,0,0,0,0,0,0,0,0,0,0,0,0,0,0,0,0,0,0,0,0,0,0,0,0
2024/09/09 00:00:00,David_Keith,2.1,213,nswgov_nsw_veg_2012,NSWmap_v3_03_E_3848.tif,ClassName,Southern Wattle Dry Sclerophyll Forests,Southern Wattle Dry Sclerophyll Forests,No further information,0,0,0,0,0,0,0,0,0,0,1,0,0,0,0,0,0,0,0,0,0,0,0,0,0,0,0,0,0,0,0,0,0,0,0,0,0,0,0,0,0,0,0,0,0,0,0,0,0,0,0,0,0,0,0,0,0,0,0,0,0,0,0,0,0,0,0,0,0,0,0,0,0,0,0,0,0,0,0,0,0,0,0,0,0,0,0,0,0,0,0,0,0,0,0,0,0,0,0,0,0,0,0,0,0,0,0,0,0,0,0,0
2024/09/09 00:00:00,David_Keith,2.1,213,nswgov_nsw_veg_2012,NSWmap_v3_03_E_3848.tif,ClassName,Stony Desert Mulga Shrublands,Stony Desert Mulga Shrublands,No further information,0,0,0,0,0,0,0,0,0,0,0,0,0,0,0,0,0,0,0,0,0,0,1,0,0,0,0,0,0,0,0,0,0,0,0,0,0,0,0,0,0,0,0,0,0,0,0,0,0,0,0,0,0,0,0,0,0,0,0,0,0,0,0,0,0,0,0,0,0,0,0,0,0,0,0,0,0,0,0,0,0,0,0,0,0,0,0,0,0,0,0,0,0,0,0,0,0,0,0,0,0,0,0,0,0,0,0,0,0,0,0,0
2024/09/09 00:00:00,David_Keith,2.1,213,nswgov_nsw_veg_2012,NSWmap_v3_03_E_3848.tif,ClassName,Subalpine Woodlands,Subalpine Woodlands,No further information,0,0,0,0,0,0,0,0,0,0,0,0,0,0,0,0,0,0,1,0,0,0,0,0,0,0,0,0,0,0,0,0,0,0,0,0,0,0,0,0,0,0,0,0,0,0,0,0,0,0,0,0,0,0,0,0,0,0,0,0,0,0,0,0,0,0,0,0,0,0,0,0,0,0,0,0,0,0,0,0,0,0,0,0,0,0,0,0,0,0,0,0,0,0,0,0,0,0,0,0,0,0,0,0,0,0,0,0,0,0,0,0
2024/09/09 00:00:00,David_Keith,2.1,213,nswgov_nsw_veg_2012,NSWmap_v3_03_E_3848.tif,ClassName,Subtropical Rainforests,Subtropical Rainforests,No further information,0,1,0,0,0,0,0,0,0,0,0,0,0,0,0,0,0,0,0,0,0,0,0,0,0,0,0,0,0,0,0,0,0,0,0,0,0,0,0,0,0,0,0,0,0,0,0,0,0,0,0,0,0,0,0,0,0,0,0,0,0,0,0,0,0,0,0,0,0,0,0,0,0,0,0,0,0,0,0,0,0,0,0,0,0,0,0,0,0,0,0,0,0,0,0,0,0,0,0,0,0,0,0,0,0,0,0,0,0,0,0,0
2024/09/09 00:00:00,David_Keith,2.1,213,nswgov_nsw_veg_2012,NSWmap_v3_03_E_3848.tif,ClassName,Subtropical Semi-arid Woodlands,Subtropical Semi-arid Woodlands,No further information,0,0,0,0,0,0,0,0,0,0,0,0,0,0,0,0,0,1,0,0,0,0,0,0,0,0,0,0,0,0,0,0,0,0,0,0,0,0,0,0,0,0,0,0,0,0,0,0,0,0,0,0,0,0,0,0,0,0,0,0,0,0,0,0,0,0,0,0,0,0,0,0,0,0,0,0,0,0,0,0,0,0,0,0,0,0,0,0,0,0,0,0,0,0,0,0,0,0,0,0,0,0,0,0,0,0,0,0,0,0,0,0
2024/09/09 00:00:00,David_Keith,2.1,213,nswgov_nsw_veg_2012,NSWmap_v3_03_E_3848.tif,ClassName,Sydney Coastal Dry Sclerophyll Forests,Sydney Coastal Dry Sclerophyll Forests,No further information,0,0,0,0,0,0,0,0,0,0,1,0,0,0,0,0,0,0,0,0,0,0,0,0,0,0,0,0,0,0,0,0,0,0,0,0,0,0,0,0,0,0,0,0,0,0,0,0,0,0,0,0,0,0,0,0,0,0,0,0,0,0,0,0,0,0,0,0,0,0,0,0,0,0,0,0,0,0,0,0,0,0,0,0,0,0,0,0,0,0,0,0,0,0,0,0,0,0,0,0,0,0,0,0,0,0,0,0,0,0,0,0
2024/09/09 00:00:00,David_Keith,2.1,213,nswgov_nsw_veg_2012,NSWmap_v3_03_E_3848.tif,ClassName,Sydney Coastal Heaths,Sydney Coastal Heaths,No further information,0,0,0,0,0,0,0,0,0,0,0,0,1,0,0,0,0,0,0,0,0,0,0,0,0,0,0,0,0,0,0,0,0,0,0,0,0,0,0,0,0,0,0,0,0,0,0,0,0,0,0,0,0,0,0,0,0,0,0,0,0,0,0,0,0,0,0,0,0,0,0,0,0,0,0,0,0,0,0,0,0,0,0,0,0,0,0,0,0,0,0,0,0,0,0,0,0,0,0,0,0,0,0,0,0,0,0,0,0,0,0,0
2024/09/09 00:00:00,David_Keith,2.1,213,nswgov_nsw_veg_2012,NSWmap_v3_03_E_3848.tif,ClassName,Sydney Hinterland Dry Sclerophyll Forests,Sydney Hinterland Dry Sclerophyll Forests,No further information,0,0,0,0,0,0,0,0,0,0,1,0,0,0,0,0,0,0,0,0,0,0,0,0,0,0,0,0,0,0,0,0,0,0,0,0,0,0,0,0,0,0,0,0,0,0,0,0,0,0,0,0,0,0,0,0,0,0,0,0,0,0,0,0,0,0,0,0,0,0,0,0,0,0,0,0,0,0,0,0,0,0,0,0,0,0,0,0,0,0,0,0,0,0,0,0,0,0,0,0,0,0,0,0,0,0,0,0,0,0,0,0
2024/09/09 00:00:00,David_Keith,2.1,213,nswgov_nsw_veg_2012,NSWmap_v3_03_E_3848.tif,ClassName,Sydney Montane Dry Sclerophyll Forests,Sydney Montane Dry Sclerophyll Forests,No further information,0,0,0,0,0,0,0,0,0,0,1,0,0,0,0,0,0,0,0,0,0,0,0,0,0,0,0,0,0,0,0,0,0,0,0,0,0,0,0,0,0,0,0,0,0,0,0,0,0,0,0,0,0,0,0,0,0,0,0,0,0,0,0,0,0,0,0,0,0,0,0,0,0,0,0,0,0,0,0,0,0,0,0,0,0,0,0,0,0,0,0,0,0,0,0,0,0,0,0,0,0,0,0,0,0,0,0,0,0,0,0,0
2024/09/09 00:00:00,David_Keith,2.1,213,nswgov_nsw_veg_2012,NSWmap_v3_03_E_3848.tif,ClassName,Sydney Montane Heaths,Sydney Montane Heaths,No further information,0,0,0,0,0,0,0,0,0,0,0,0,1,0,0,0,0,0,0,0,0,0,0,0,0,0,0,0,0,0,0,0,0,0,0,0,0,0,0,0,0,0,0,0,0,0,0,0,0,0,0,0,0,0,0,0,0,0,0,0,0,0,0,0,0,0,0,0,0,0,0,0,0,0,0,0,0,0,0,0,0,0,0,0,0,0,0,0,0,0,0,0,0,0,0,0,0,0,0,0,0,0,0,0,0,0,0,0,0,0,0,0
2024/09/09 00:00:00,David_Keith,2.1,213,nswgov_nsw_veg_2012,NSWmap_v3_03_E_3848.tif,ClassName,Sydney Sand Flats Dry Sclerophyll Forests,Sydney Sand Flats Dry Sclerophyll Forests,No further information,0,0,0,0,0,0,0,0,0,0,1,0,0,0,0,0,0,0,0,0,0,0,0,0,0,0,0,0,0,0,0,0,0,0,0,0,0,0,0,0,0,0,0,0,0,0,0,0,0,0,0,0,0,0,0,0,0,0,0,0,0,0,0,0,0,0,0,0,0,0,0,0,0,0,0,0,0,0,0,0,0,0,0,0,0,0,0,0,0,0,0,0,0,0,0,0,0,0,0,0,0,0,0,0,0,0,0,0,0,0,0,0
2024/09/09 00:00:00,David_Keith,2.1,213,nswgov_nsw_veg_2012,NSWmap_v3_03_E_3848.tif,ClassName,Tableland Clay Grassy Woodlands,Tableland Clay Grassy Woodlands,No further information,0,0,0,0,0,0,0,0,0,0,0,0,0,0,0,0,0,0,1,0,0,0,0,0,0,0,0,0,0,0,0,0,0,0,0,0,0,0,0,0,0,0,0,0,0,0,0,0,0,0,0,0,0,0,0,0,0,0,0,0,0,0,0,0,0,0,0,0,0,0,0,0,0,0,0,0,0,0,0,0,0,0,0,0,0,0,0,0,0,0,0,0,0,0,0,0,0,0,0,0,0,0,0,0,0,0,0,0,0,0,0,0
2024/09/09 00:00:00,David_Keith,2.1,213,nswgov_nsw_veg_2012,NSWmap_v3_03_E_3848.tif,ClassName,Temperate Montane Grasslands,Temperate Montane Grasslands,No further information,0,0,0,0,0,0,0,0,0,0,0,0,0,0,0,0,0,0,0,1,0,0,0,0,0,0,0,0,0,0,0,0,0,0,0,0,0,0,0,0,0,0,0,0,0,0,0,0,0,0,0,0,0,0,0,0,0,0,0,0,0,0,0,0,0,0,0,0,0,0,0,0,0,0,0,0,0,0,0,0,0,0,0,0,0,0,0,0,0,0,0,0,0,0,0,0,0,0,0,0,0,0,0,0,0,0,0,0,0,0,0,0
2024/09/09 00:00:00,David_Keith,2.1,213,nswgov_nsw_veg_2012,NSWmap_v3_03_E_3848.tif,ClassName,Temperate Swamp Forests,Temperate Swamp Forests,No further information,0,0,0,0,0,0,0,0,0,0,0,0,0,0,0,0,0,0,0,0,0,0,0,0,0,0,0,0,0,0,0,0,0,0,0,0,0,0,0,0,0,0,0,0,0,0,1,0,0,0,0,0,0,0,0,0,0,0,0,0,0,0,0,0,0,0,0,0,0,0,0,0,0,0,0,0,0,0,0,0,0,0,0,0,0,0,0,0,0,0,0,0,0,0,0,0,0,0,0,0,0,0,0,0,0,0,0,0,0,0,0,0
2024/09/09 00:00:00,David_Keith,2.1,213,nswgov_nsw_veg_2012,NSWmap_v3_03_E_3848.tif,ClassName,Upper Riverina Dry Sclerophyll Forests,Upper Riverina Dry Sclerophyll Forests,No further information,0,0,0,0,0,0,0,0,0,0,1,0,0,0,0,0,0,0,0,0,0,0,0,0,0,0,0,0,0,0,0,0,0,0,0,0,0,0,0,0,0,0,0,0,0,0,0,0,0,0,0,0,0,0,0,0,0,0,0,0,0,0,0,0,0,0,0,0,0,0,0,0,0,0,0,0,0,0,0,0,0,0,0,0,0,0,0,0,0,0,0,0,0,0,0,0,0,0,0,0,0,0,0,0,0,0,0,0,0,0,0,0
2024/09/09 00:00:00,David_Keith,2.1,213,nswgov_nsw_veg_2012,NSWmap_v3_03_E_3848.tif,ClassName,Wadi Woodlands,Wadi Woodlands,No further information,0,0,0,0,0,0,0,0,0,0,0,0,0,0,0,0,0,0,0,0,0,0,0,0,0,0,0,0,0,0,0,0,0,0,0,0,0,0,0,0,0,0,0,0,0,0,0,0,0,1,0,0,0,0,0,0,0,0,0,0,0,0,0,0,0,0,0,0,0,0,0,0,0,0,0,0,0,0,0,0,0,0,0,0,0,0,0,0,0,0,0,0,0,0,0,0,0,0,0,0,0,0,0,0,0,0,0,0,0,0,0,0
2024/09/09 00:00:00,David_Keith,2.1,213,nswgov_nsw_veg_2012,NSWmap_v3_03_E_3848.tif,ClassName,Wallum Sand Heaths,Wallum Sand Heaths,No further information,0,0,0,0,0,0,0,0,0,0,0,0,1,0,0,0,0,0,0,0,0,0,0,0,0,0,0,0,0,0,0,0,0,0,0,0,0,0,0,0,0,0,0,0,0,0,0,0,0,0,0,0,0,0,0,0,0,0,0,0,0,0,0,0,0,0,0,0,0,0,0,0,0,0,0,0,0,0,0,0,0,0,0,0,0,0,0,0,0,0,0,0,0,0,0,0,0,0,0,0,0,0,0,0,0,0,0,0,0,0,0,0
2024/09/09 00:00:00,David_Keith,2.1,213,nswgov_nsw_veg_2012,NSWmap_v3_03_E_3848.tif,ClassName,Western Peneplain Woodlands,Western Peneplain Woodlands,No further information,0,0,0,0,0,0,0,0,0,0,1,0,0,0,0,0,0,0,0,0,0,0,0,0,0,0,0,0,0,0,0,0,0,0,0,0,0,0,0,0,0,0,0,0,0,0,0,0,0,0,0,0,0,0,0,0,0,0,0,0,0,0,0,0,0,0,0,0,0,0,0,0,0,0,0,0,0,0,0,0,0,0,0,0,0,0,0,0,0,0,0,0,0,0,0,0,0,0,0,0,0,0,0,0,0,0,0,0,0,0,0,0
2024/09/09 00:00:00,David_Keith,2.1,213,nswgov_nsw_veg_2012,NSWmap_v3_03_E_3848.tif,ClassName,Western Slopes Dry Sclerophyll Forests,Western Slopes Dry Sclerophyll Forests,No further information,0,0,0,0,0,0,0,0,0,0,1,0,0,0,0,0,0,0,0,0,0,0,0,0,0,0,0,0,0,0,0,0,0,0,0,0,0,0,0,0,0,0,0,0,0,0,0,0,0,0,0,0,0,0,0,0,0,0,0,0,0,0,0,0,0,0,0,0,0,0,0,0,0,0,0,0,0,0,0,0,0,0,0,0,0,0,0,0,0,0,0,0,0,0,0,0,0,0,0,0,0,0,0,0,0,0,0,0,0,0,0,0
2024/09/09 00:00:00,David_Keith,2.1,213,nswgov_nsw_veg_2012,NSWmap_v3_03_E_3848.tif,ClassName,Western Slopes Grasslands,Western Slopes Grasslands,No further information,0,0,0,0,0,0,0,0,0,0,0,0,0,0,0,0,0,0,0,1,0,0,0,0,0,0,0,0,0,0,0,0,0,0,0,0,0,0,0,0,0,0,0,0,0,0,0,0,0,0,0,0,0,0,0,0,0,0,0,0,0,0,0,0,0,0,0,0,0,0,0,0,0,0,0,0,0,0,0,0,0,0,0,0,0,0,0,0,0,0,0,0,0,0,0,0,0,0,0,0,0,0,0,0,0,0,0,0,0,0,0,0
2024/09/09 00:00:00,David_Keith,2.1,213,nswgov_nsw_veg_2012,NSWmap_v3_03_E_3848.tif,ClassName,Western Slopes Grassy Woodlands,Western Slopes Grassy Woodlands,No further information,0,0,0,0,0,0,0,0,0,0,0,0,0,0,0,0,0,0,1,0,0,0,0,0,0,0,0,0,0,0,0,0,0,0,0,0,0,0,0,0,0,0,0,0,0,0,0,0,0,0,0,0,0,0,0,0,0,0,0,0,0,0,0,0,0,0,0,0,0,0,0,0,0,0,0,0,0,0,0,0,0,0,0,0,0,0,0,0,0,0,0,0,0,0,0,0,0,0,0,0,0,0,0,0,0,0,0,0,0,0,0,0
2024/09/09 00:00:00,David_Keith,2.1,213,nswgov_nsw_veg_2012,NSWmap_v3_03_E_3848.tif,ClassName,Western Vine Thickets,Western Vine Thickets,No further information,0,0,1,0,0,0,0,0,0,0,0,0,0,0,0,0,0,0,0,0,0,0,0,0,0,0,0,0,0,0,0,0,0,0,0,0,0,0,0,0,0,0,0,0,0,0,0,0,0,0,0,0,0,0,0,0,0,0,0,0,0,0,0,0,0,0,0,0,0,0,0,0,0,0,0,0,0,0,0,0,0,0,0,0,0,0,0,0,0,0,0,0,0,0,0,0,0,0,0,0,0,0,0,0,0,0,0,0,0,0,0,0
2024/09/09 00:00:00,David_Keith,2.1,213,nswgov_nsw_veg_2012,NSWmap_v3_03_E_3848.tif,ClassName,Yetman Dry Sclerophyll Forests,Yetman Dry Sclerophyll Forests,No further information,0,0,0,0,0,0,0,0,0,0,1,0,0,0,0,0,0,0,0,0,0,0,0,0,0,0,0,0,0,0,0,0,0,0,0,0,0,0,0,0,0,0,0,0,0,0,0,0,0,0,0,0,0,0,0,0,0,0,0,0,0,0,0,0,0,0,0,0,0,0,0,0,0,0,0,0,0,0,0,0,0,0,0,0,0,0,0,0,0,0,0,0,0,0,0,0,0,0,0,0,0,0,0,0,0,0,0,0,0,0,0,0
